<?xml version="1.0" encoding="UTF-8"?>
<project-private xmlns="http://www.netbeans.org/ns/project-private/1">
    <editor-bookmarks xmlns="http://www.netbeans.org/ns/editor-bookmarks/2" lastBookmarkId="0"/>
    <open-files xmlns="http://www.netbeans.org/ns/projectui-open-files/2">
        <group>
            <file>file:/C:/Users/Admin/Documents/Assignemnt_HE190254/web/introduct.jsp</file>
            <file>file:/C:/Users/Admin/Documents/Assignemnt_HE190254/web/style.css</file>
            <file>file:/C:/Users/Admin/Documents/Assignemnt_HE190254/web/showProduct.jsp</file>
            <file>file:/C:/Users/Admin/Documents/Assignemnt_HE190254/web/index.jsp</file>
        </group>
    </open-files>
</project-private>
